song,artist,entry_date,exit_date,total_days,peak_position,time_to_peak,stage,content_maturity
0 CONFIANZA,Rvfv,2025-06-02,2025-06-23,20,23,5.0,Mature Phase,Mature Hit
"1 de Enero, Puntacana",Rels B,2025-04-28,2025-04-28,1,45,0.0,New Entry,Fresh Release
1000COSAS,Lola Indigo & Manuel Turizo,2025-03-10,2025-11-13,245,3,0.0,Peak Phase,Evergreen
100xCiento,Foreign Teck & Eladio Carrion & De La Ghetto,2025-04-30,2025-05-15,11,13,11.0,Mature Phase,Growing
14 FEBREROS,Quevedo,2025-11-24,2025-11-27,4,9,0.0,Peak Phase,Fresh Release
2AM,Sebastian Yatra & Bad Gyal,2025-11-24,2025-11-27,4,31,3.0,Growth Phase,Fresh Release
2xLL,JC Reyes & YOVNGCHIMI & Slayter,2025-07-12,2025-08-09,26,35,11.0,Growth Phase,Mature Hit
3 CAÍDAS,SAIKO,2025-04-28,2025-05-05,8,13,0.0,Mature Phase,Growing
4 PREZ,Cruz Cafuné,2024-05-28,2024-05-29,2,35,0.0,New Entry,Fresh Release
4TO 23,Aitana,2025-07-07,2025-07-16,9,17,0.0,Mature Phase,Growing
50 PALOS,Feid,2024-12-02,2024-12-02,1,38,0.0,New Entry,Fresh Release
57,KAROL G & Feid & DFZM,2025-11-10,2025-11-27,18,8,0.0,Peak Phase,Mature Hit
58,JHAYCO,2025-09-08,2025-09-18,8,35,0.0,Other,Growing
69,Nicky Jam & Feid,2024-05-21,2024-06-30,41,22,10.0,Mature Phase,Mature Hit
A 300,JC Reyes & Pedro Calderon,2024-08-06,2025-01-05,148,15,152.0,Mature Phase,Evergreen
A 300,JC Reyes & Pedro Calderon & Blacknife,2025-01-06,2025-04-24,107,11,8.0,Mature Phase,Evergreen
ACHO PR,Bad Bunny,2024-10-14,2024-10-20,7,15,0.0,Mature Phase,Growing
ADIVINO,Myke Towers,2025-08-24,2025-11-16,85,10,0.0,Peak Phase,Evergreen
ADIVINO,Myke Towers & Bad Bunny,2025-04-28,2025-08-23,116,1,0.0,Peak Phase,Evergreen
ALAKRAN,Feid,2024-12-02,2024-12-05,3,24,0.0,Mature Phase,Fresh Release
AMANECIÓ,Quevedo,2025-11-24,2025-11-27,4,13,0.0,Mature Phase,Fresh Release
AMARGURA,KAROL G,2024-05-26,2025-10-31,153,16,426.0,Mature Phase,Evergreen
APAGA EL CEL,FloyyMenor,2025-08-10,2025-09-04,14,22,0.0,Mature Phase,Mature Hit
APAGA EL CEL,FloyyMenor & Lewis Somes,2025-05-26,2025-08-09,75,7,17.0,Growth Phase,Evergreen
APT.,ROSÉ & Bruno Mars,2025-10-23,2025-11-01,7,42,7.0,Growth Phase,Growing
AQYNE,Aitana,2024-09-27,2024-09-29,3,40,1.0,Growth Phase,Fresh Release
ASI ES LA VIDA,Enrique Iglesias & Maria Becerra,2024-11-22,2025-03-23,67,38,70.0,Growth Phase,Evergreen
ATTITUDE (FEAT. CHARLIE WILSON & CASH COBAIN),Don Toliver,2025-06-21,2025-06-21,1,46,0.0,New Entry,Fresh Release
AUNQUE LLEGUE OTRO (feat. Jay Wheeler),Myke Towers,2025-08-24,2025-08-24,1,23,0.0,Mature Phase,Fresh Release
AYER Y HOY,Mora,2024-08-30,2024-08-31,2,23,0.0,Mature Phase,Fresh Release
Acróstico,Shakira,2024-05-18,2024-07-09,53,1,1.0,Growth Phase,Mature Hit
Akureyri,Aitana & Sebastian Yatra,2025-04-28,2025-06-01,34,10,0.0,Peak Phase,Mature Hit
Alegría,Tiago PZK,2025-09-28,2025-10-05,8,8,4.0,Growth Phase,Growing
All I Want for Christmas Is You,Mariah Carey,2024-12-03,2025-01-02,20,1,22.0,Growth Phase,Mature Hit
Alucin,Eugenio Esquivel & Grupo Marca Registrada & Sebastian Esquivel,2025-01-13,2025-04-05,35,21,68.0,Mature Phase,Mature Hit
Amanece,Anuel AA & Haze,2024-05-25,2025-07-06,15,47,29.0,Growth Phase,Mature Hit
Amar De Nuevo,Rauw Alejandro,2025-11-17,2025-11-17,1,45,0.0,New Entry,Fresh Release
Andando,Morad,2024-05-18,2024-06-03,17,34,1.0,Growth Phase,Mature Hit
Antes,Rvfv & Edu García,2024-05-18,2024-07-22,58,29,0.0,Mature Phase,Mature Hit
Antidepresivos,Saiko,2024-08-06,2024-12-19,136,13,0.0,Mature Phase,Evergreen
Arena y Sal,Omar Montes & Saiko & Tunvao,2024-05-21,2025-01-20,242,3,77.0,Growth Phase,Evergreen
Arranca (feat. Omega),Becky G & Omega,2024-05-18,2024-07-25,69,38,0.0,Other,Evergreen
Ayer,DELLAFUENTE,2025-06-16,2025-06-18,2,37,0.0,New Entry,Fresh Release
BABY HELLO,Rauw Alejandro,2024-07-09,2025-04-19,282,3,0.0,Peak Phase,Evergreen
BABY HELLO,Rauw Alejandro & Bizarrap,2024-06-25,2024-07-08,14,2,3.0,Growth Phase,Mature Hit
BABY NUEVA,Bad Bunny,2024-10-14,2024-10-28,15,12,0.0,Mature Phase,Mature Hit
BAD BOY,Chris Jedi & Gaby Music & Dei V,2025-02-11,2025-03-10,28,16,0.0,Mature Phase,Mature Hit
BADGYAL,SAIKO,2025-04-28,2025-11-23,208,1,3.0,Growth Phase,Evergreen
BANDIT,Don Toliver,2025-06-21,2025-06-21,1,27,0.0,Mature Phase,Fresh Release
BATICANO,Bad Bunny,2024-10-14,2024-10-18,5,23,0.0,Mature Phase,Growing
BBY BOO - REMIX,iZaak & Jhayco & Anuel AA,2025-03-30,2025-07-23,115,5,19.0,Growth Phase,Evergreen
"BESAME (feat. Tiago PZK, Khea & Neo Pistea) - Remix",Bhavi & Seven Kayne & Milo j,2025-04-24,2025-05-06,11,28,2.0,Mature Phase,Growing
BESO,ROSALÍA & Rauw Alejandro,2024-05-18,2024-10-06,142,4,0.0,Peak Phase,Evergreen
BESOS (with Kidd Keo & Neelo),SwaggGlock & Kidd Keo & Neelo,2024-09-14,2024-10-13,30,22,5.0,Mature Phase,Mature Hit
BIRDS OF A FEATHER,Billie Eilish,2025-06-12,2025-06-13,2,49,0.0,New Entry,Fresh Release
BOREAL,SAIKO,2025-04-28,2025-05-01,4,22,0.0,Mature Phase,Fresh Release
BUBALU,Feid,2024-09-30,2024-10-06,7,26,0.0,Mature Phase,Growing
BUBALU,Feid & Rema,2024-09-24,2024-09-29,6,21,1.0,Mature Phase,Growing
BUENAS NOCHES,Quevedo,2025-11-24,2025-11-27,4,18,0.0,Mature Phase,Fresh Release
Bailando Bachata,Chayanne,2025-05-13,2025-06-02,9,45,19.0,Growth Phase,Growing
Baja Pa' Acá,Rauw Alejandro,2025-11-17,2025-11-20,4,22,0.0,Mature Phase,Fresh Release
Bandidona,Saiko,2024-10-29,2024-11-10,13,20,0.0,Mature Phase,Growing
Barro,Duki,2025-10-20,2025-10-20,1,40,0.0,New Entry,Fresh Release
Beautiful Things,Benson Boone,2025-03-13,2025-06-23,91,17,22.0,Mature Phase,Evergreen
Bendecido,Eladio Carrion,2025-01-21,2025-01-26,6,7,0.0,Peak Phase,Growing
Besitos BB 2.0,El Perla & Omar Montes & SAIKO,2025-10-16,2025-10-31,11,9,0.0,Peak Phase,Growing
Beso Prohibido,Beny Jr,2025-09-07,2025-09-07,1,49,0.0,New Entry,Fresh Release
Brindis,Duki,2025-11-03,2025-11-07,3,30,0.0,Mature Phase,Fresh Release
Buenas,Quevedo & SAIKO,2025-03-02,2025-03-12,11,39,0.0,Other,Growing
Buenas,Quevedo & Saiko,2024-09-24,2025-03-01,159,1,0.0,Peak Phase,Evergreen
Buscando Money,TWENTY SIX & Tayson Kryss,2025-02-02,2025-04-17,73,4,13.0,Growth Phase,Evergreen
Buscarte Lejos,Duki,2025-11-03,2025-11-09,7,28,3.0,Mature Phase,Growing
CACHÉ,Myke Towers,2025-08-24,2025-08-24,1,47,0.0,New Entry,Fresh Release
CALL ME MAYBE,Duki,2024-12-10,2024-12-10,1,50,0.0,New Entry,Fresh Release
CARITA TRISTE,Ana Mena & Emilia,2025-09-01,2025-11-23,84,9,6.0,Growth Phase,Evergreen
CARTERA & TACOS,Myke Towers,2024-11-25,2024-11-25,1,47,0.0,New Entry,Fresh Release
CHAPIADORA.COM,Quevedo,2025-11-24,2025-11-27,4,8,0.0,Peak Phase,Fresh Release
CHIHIRO,Billie Eilish,2025-05-19,2025-05-25,7,39,0.0,New Entry,Growing
CHORRITO PA LAS ANIMAS,Feid,2024-05-18,2024-06-14,28,32,0.0,Other,Mature Hit
CHULA,JC Reyes,2024-12-28,2025-01-20,8,49,20.0,Growth Phase,Growing
CLASSY 101,Feid,2024-12-02,2025-01-17,28,16,0.0,Mature Phase,Mature Hit
CLASSY 101,Feid & Young Miko,2024-12-01,2024-12-01,1,35,0.0,New Entry,Fresh Release
COCO LOCO,Maluma,2024-07-01,2024-11-26,113,9,36.0,Growth Phase,Evergreen
COLMILLO,Tainy,2024-10-19,2024-11-14,9,18,22.0,Mature Phase,Growing
COMETA HALLEY,SAIKO,2025-04-28,2025-05-05,8,24,0.0,Mature Phase,Growing
COMO SUENAN LAS ESTRELLAS,SAIKO,2025-04-28,2025-05-19,22,24,2.0,Mature Phase,Mature Hit
COMPETENCIA,Myke Towers,2025-08-24,2025-08-25,2,19,0.0,Mature Phase,Fresh Release
COMUNA 3,JC Reyes & The Rude Boyz,2025-05-16,2025-05-17,2,38,1.0,Growth Phase,Fresh Release
COMUNA 3,JC Reyes & The Rudeboyz,2025-05-18,2025-09-17,120,12,18.0,Mature Phase,Evergreen
CONTIGO (with Tiësto),KAROL G & Tiësto,2025-02-17,2025-03-24,35,13,1.0,Mature Phase,Mature Hit
CORAZÓN VACÍO,Maria Becerra,2024-07-05,2024-10-13,101,19,14.0,Mature Phase,Evergreen
CORLEONE,Saiko,2024-12-24,2025-01-15,20,21,0.0,Mature Phase,Mature Hit
CORLEONE,Saiko & Yandel,2024-12-17,2024-12-23,7,16,4.0,Mature Phase,Growing
COSAS QUE NO TE DIJE,SAIKO,2025-03-02,2025-04-27,55,25,2.0,Mature Phase,Mature Hit
COSAS QUE NO TE DIJE,Saiko,2024-08-16,2025-03-01,198,7,118.0,Growth Phase,Evergreen
COSMETICOS,Myke Towers,2024-11-25,2024-11-29,2,33,0.0,New Entry,Fresh Release
CRUSH,Sky Rompiendo & Dei V,2025-04-07,2025-08-23,137,15,20.0,Mature Phase,Evergreen
CYBERTRUCK,Bad Bunny,2024-10-14,2024-10-21,8,8,0.0,Peak Phase,Growing
Cafe Malibú,Sech & Mora & Saiko,2024-07-23,2024-09-19,59,9,2.0,Growth Phase,Mature Hit
Cangrinaje,Cruz Cafuné,2024-05-28,2024-05-28,1,48,0.0,New Entry,Fresh Release
Capri Sun,B10 & Kilvertz,2025-07-31,2025-08-14,14,34,5.0,Growth Phase,Mature Hit
Casanova,Soolking & Lola Indigo & Rvfv,2024-12-10,2025-05-29,168,1,22.0,Growth Phase,Evergreen
Caserio,Yandel & SAIKO,2025-03-10,2025-03-10,1,41,0.0,New Entry,Fresh Release
Celine (with Kidd Keo),Ghost Killer Track & Kidd Keo,2025-10-03,2025-11-27,55,9,15.0,Growth Phase,Mature Hit
Cha Cha Cha,Käärijä,2024-05-18,2024-05-20,3,37,0.0,New Entry,Fresh Release
Chulo pt.2,Bad Gyal & Tokischa & Young Miko,2024-06-24,2024-10-13,87,22,4.0,Mature Phase,Evergreen
Cine 🚬,Duki,2025-11-03,2025-11-03,1,42,0.0,New Entry,Fresh Release
Classy 101,Feid & Young Miko,2024-05-18,2024-11-30,182,7,0.0,Peak Phase,Evergreen
Clavaito,Chanel & Abraham Mateo,2024-05-18,2025-01-04,153,6,15.0,Growth Phase,Evergreen
Coco Chanel,Eladio Carrion,2024-05-18,2024-09-29,127,16,6.0,Mature Phase,Evergreen
Cohete,Shakira,2025-03-24,2025-03-30,6,21,0.0,Mature Phase,Growing
Columbia,Quevedo,2024-07-08,2025-11-02,463,1,1.0,Growth Phase,Evergreen
Committed,Rauw Alejandro,2025-11-17,2025-11-17,1,29,0.0,Mature Phase,Fresh Release
Como Camarón,Estopa,2024-11-29,2025-02-21,35,32,35.0,Growth Phase,Mature Hit
Conexión,Cano,2025-10-27,2025-11-14,14,27,0.0,Mature Phase,Mature Hit
Conexión,Cano & JC Reyes,2025-10-25,2025-10-26,2,40,1.0,Growth Phase,Fresh Release
Constelación,Duki,2025-11-03,2025-11-10,8,26,0.0,Mature Phase,Growing
Constelación,Duki & Lia Kali,2025-11-01,2025-11-02,2,29,0.0,Mature Phase,Fresh Release
Copa Vacía,Shakira & Manuel Turizo,2024-07-02,2024-07-28,27,16,0.0,Mature Phase,Mature Hit
Corazón Roto - Remix,Brray & Jhayco & Ryan Castro,2024-08-10,2024-09-13,33,26,30.0,Mature Phase,Mature Hit
Corazón Roto pt. 3,Brray & Anuel AA & Chencho Corleone,2024-09-13,2025-02-04,104,21,14.0,Mature Phase,Evergreen
Cosa Nuestra,Rauw Alejandro,2025-11-17,2025-11-18,2,16,0.0,Mature Phase,Fresh Release
Cosas Pendientes,Maluma,2025-11-24,2025-11-27,2,37,3.0,Growth Phase,Fresh Release
Cruel Summer,Taylor Swift,2025-06-01,2025-06-01,1,39,0.0,New Entry,Fresh Release
Cuando Te Vi | CROSSOVER #5,Big One & Maria Becerra & Trueno,2025-07-05,2025-10-28,114,11,40.0,Mature Phase,Evergreen
Cupido,Engel Montaz & Kuv507 & Latinnites Music,2025-04-18,2025-06-05,15,22,5.0,Mature Phase,Mature Hit
Cupido,TINI,2024-05-18,2024-09-12,105,17,1.0,Mature Phase,Evergreen
CÓRCEGA,Mora,2024-08-30,2024-09-02,4,17,0.0,Mature Phase,Fresh Release
Cómo Te Atreves,Morat,2025-03-02,2025-03-02,1,45,0.0,New Entry,Fresh Release
Cúrame,Rauw Alejandro,2025-08-01,2025-08-16,15,41,9.0,Growth Phase,Mature Hit
DE PLASTILINA,Lola Indigo & Pepe y Vizio,2024-10-21,2024-10-22,2,40,0.0,New Entry,Fresh Release
DEGENERE 👑 (feat. benny blanco),Myke Towers,2025-10-20,2025-11-27,39,1,5.0,Growth Phase,Mature Hit
DEMO #5: nostalgIA - Spanglish Version,FlowGPT,2024-11-08,2024-11-09,2,12,1.0,Mature Phase,Fresh Release
DEPORTIVO,Blessd & Anuel AA,2025-11-16,2025-11-23,4,35,7.0,Growth Phase,Fresh Release
DESATAAA,Ovy On The Drums & Myke Towers & SAIKO,2025-03-17,2025-05-24,66,6,4.0,Growth Phase,Mature Hit
DESATAAA,Ovy On The Drums & Myke Towers & Saiko,2025-04-26,2025-07-09,47,28,32.0,Mature Phase,Mature Hit
DESPECHÁ,ROSALÍA,2024-05-22,2025-01-02,51,39,21.0,Growth Phase,Mature Hit
DESQUITE,Feid,2024-12-02,2024-12-02,1,39,0.0,New Entry,Fresh Release
DIABLA,Los Diozes,2025-10-27,2025-11-20,25,17,7.0,Mature Phase,Mature Hit
DIABLITA (feat. YOVNGCHIMI),Myke Towers,2025-08-24,2025-09-04,9,34,0.0,Other,Growing
DIAMONDS,Mora,2024-08-30,2024-09-02,4,18,0.0,Mature Phase,Fresh Release
DILUVIO,Rauw Alejandro,2024-10-21,2025-10-14,188,3,26.0,Growth Phase,Evergreen
DINERO y FAMA (feat. Omar Montes),Myke Towers,2025-08-24,2025-08-24,1,40,0.0,New Entry,Fresh Release
DONDE SE APRENDE A QUERER?,Mora,2024-08-30,2025-02-17,152,3,0.0,Peak Phase,Evergreen
DUBAI,Trueno & Beny Jr,2024-06-15,2024-06-22,8,47,2.0,Growth Phase,Growing
DURO,Quevedo,2025-11-02,2025-11-27,26,1,0.0,Peak Phase,Mature Hit
Dararí,Aitana,2024-09-24,2024-09-29,6,13,0.0,Mature Phase,Growing
Después De La 1,Cris Mj & FloyyMenor,2025-09-19,2025-11-23,63,11,8.0,Mature Phase,Mature Hit
Detrás del DJ,Rels B,2025-04-28,2025-04-28,1,39,0.0,New Entry,Fresh Release
Diabólica,Cris Mj,2025-03-13,2025-08-19,156,14,10.0,Mature Phase,Evergreen
Dicelo,Lianet Rivero & Lia & Gatillo,2024-10-20,2024-10-23,4,24,1.0,Mature Phase,Fresh Release
Die With A Smile,Lady Gaga & Bruno Mars,2025-08-31,2025-11-23,48,29,76.0,Mature Phase,Mature Hit
Dios #1,Cruz Cafuné,2024-05-28,2024-05-28,1,43,0.0,New Entry,Fresh Release
Doblexxó,J Balvin,2025-08-10,2025-08-23,12,33,0.0,Other,Growing
Duro De Verdad pt.2,Los Sufridos,2025-09-20,2025-09-20,1,39,0.0,New Entry,Fresh Release
Duro De Verdad pt.2,Los Sufridos & Bad Gyal,2025-09-21,2025-11-27,68,1,6.0,Growth Phase,Evergreen
Déjame Entrar,Rauw Alejandro,2025-07-25,2025-11-23,9,17,115.0,Mature Phase,Growing
EL CHACAL,Mora,2024-08-30,2024-09-02,4,10,0.0,Peak Phase,Fresh Release
EL CONDENAO,Lola Indigo,2024-12-17,2025-01-04,12,35,5.0,Growth Phase,Growing
EL ESTRIBILLO,Quevedo,2025-11-24,2025-11-27,4,16,0.0,Mature Phase,Fresh Release
EL PANTALON - RUMBAS,Omar Montes,2025-06-02,2025-09-12,101,2,14.0,Growth Phase,Evergreen
EL TONTO,Lola Indigo,2024-05-18,2025-01-10,205,2,0.0,Peak Phase,Evergreen
EMPELOTICA,Lenny Tavárez & Feid,2025-02-25,2025-04-06,36,16,6.0,Mature Phase,Mature Hit
EMRATA,Myke Towers,2024-11-25,2024-11-25,1,46,0.0,New Entry,Fresh Release
EROTICAAAAAAA,Gonzy,2025-10-13,2025-10-31,15,38,12.0,Growth Phase,Mature Hit
ESKELETO,SAIKO,2025-04-28,2025-10-23,113,11,4.0,Mature Phase,Evergreen
El Cielo,Sky Rompiendo & Feid & Myke Towers,2024-06-04,2025-03-09,271,2,6.0,Growth Phase,Evergreen
El Conjuntito,El Bobe & Omar Montes,2025-03-24,2025-09-23,180,1,16.0,Growth Phase,Evergreen
El Destello,Juanjo Bona & Martin Urrutia,2025-10-06,2025-10-06,1,36,0.0,New Entry,Fresh Release
El Fin del Mundo,La La Love You,2025-06-03,2025-11-23,98,37,83.0,Growth Phase,Evergreen
El Jefe,Shakira & Fuerza Regida,2024-09-24,2024-10-03,10,31,3.0,Growth Phase,Growing
El Malo,Eladio Carrion,2025-01-21,2025-02-17,27,20,4.0,Mature Phase,Mature Hit
El Mambo,Kiko Rivera,2024-10-04,2025-03-01,145,2,9.0,Growth Phase,Evergreen
El Merengue,Marshmello,2024-11-04,2025-11-18,317,19,1.0,Mature Phase,Evergreen
El Merengue,Marshmello & Manuel Turizo,2024-05-18,2024-11-03,170,5,0.0,Peak Phase,Evergreen
El Patio,Pepe y Vizio & Delaossa & KIDDO,2025-02-22,2025-08-27,152,8,13.0,Growth Phase,Evergreen
Ella Baila Sola,Eslabon Armado,2024-05-18,2024-08-09,84,9,16.0,Growth Phase,Evergreen
En To Lao,Haze & Jhayco,2024-06-15,2024-07-01,11,45,16.0,Growth Phase,Growing
Enamórate,Nicki Nicole & Bad Gyal,2024-11-16,2024-12-01,15,31,2.0,Growth Phase,Mature Hit
Es un Secreto,Plan B,2025-06-22,2025-07-04,13,37,8.0,Growth Phase,Growing
Escriurem,Chiara Oliver & Martin Urrutia,2025-01-25,2025-01-25,1,47,0.0,New Entry,Fresh Release
Espectacular,Sky Rompiendo & Rauw Alejandro,2025-04-25,2025-04-27,2,49,0.0,New Entry,Fresh Release
Espresso,Sabrina Carpenter,2025-06-09,2025-07-03,24,39,19.0,Growth Phase,Mature Hit
Espresso Martini,Rauw Alejandro,2025-11-17,2025-11-21,5,21,0.0,Mature Phase,Growing
Europapa,Joost,2025-05-14,2025-05-18,5,33,1.0,Growth Phase,Growing
Eva Longoria,Ozuna,2024-08-12,2024-11-24,90,8,17.0,Growth Phase,Evergreen
Extasisssssss,Saiko,2024-12-20,2025-01-31,43,18,2.0,Mature Phase,Mature Hit
FANTASÍAS,Mora,2024-08-30,2024-09-04,6,9,0.0,Peak Phase,Growing
FARDOS,JC Reyes & De La Ghetto,2025-02-18,2025-07-30,160,1,4.0,Growth Phase,Evergreen
FERXXO 151,Feid,2024-09-30,2024-11-06,20,17,0.0,Mature Phase,Mature Hit
FERXXO 151,Feid & ICON,2024-08-26,2024-09-29,35,9,0.0,Peak Phase,Mature Hit
FERXXO 30,Feid,2024-10-07,2024-10-13,2,32,0.0,New Entry,Fresh Release
FERXXO EDITION,Feid,2024-09-30,2024-10-01,2,43,0.0,New Entry,Fresh Release
FINA,Bad Bunny,2024-10-14,2024-11-18,36,4,0.0,Peak Phase,Mature Hit
FINALES DE AGOSTO,SAIKO,2025-04-28,2025-04-29,2,40,0.0,New Entry,Fresh Release
"FLOWHOT (feat. Arcángel, De La Ghetto, Randy)",The Academy: Segunda Misión & Sech & Dalex,2025-03-31,2025-03-31,1,32,0.0,New Entry,Fresh Release
FRIKI,Gonzy,2025-05-10,2025-11-26,198,8,47.0,Growth Phase,Evergreen
FRÍO,Myke Towers,2025-08-24,2025-08-24,1,36,0.0,New Entry,Fresh Release
Falsos Recuerdos,Abraham Mateo & Omar Montes,2025-02-01,2025-02-25,24,32,7.0,Growth Phase,Mature Hit
Fecha,Feid & Yandel,2025-04-14,2025-04-18,5,39,3.0,Growth Phase,Growing
Fecha - Intro Extended,Renzo Pianciola,2025-04-19,2025-04-20,2,46,1.0,Growth Phase,Fresh Release
Feliz Navidad,José Feliciano,2024-12-25,2024-12-27,3,5,0.0,Peak Phase,Fresh Release
Feliz Navidad,Saiko,2024-12-19,2024-12-20,2,36,0.0,New Entry,Fresh Release
Figo,DELLAFUENTE & Morad,2024-12-02,2024-12-02,1,44,0.0,New Entry,Fresh Release
Flow Violento - Remix,YoSoyPlex & Ruven,2024-05-30,2024-06-20,8,46,7.0,Growth Phase,Growing
Flowers,Miley Cyrus,2024-05-18,2024-06-06,18,44,1.0,Growth Phase,Mature Hit
Fortnight (feat. Post Malone),Taylor Swift,2025-04-21,2025-04-30,9,24,3.0,Mature Phase,Growing
Fosforito,DELLAFUENTE,2025-06-16,2025-06-16,1,46,0.0,New Entry,Fresh Release
Fruto,Bizarrap & Milo j,2024-10-07,2024-11-11,36,12,5.0,Mature Phase,Mature Hit
"Fé, Cojones y Paciencia",Eladio Carrion,2025-01-21,2025-01-21,1,38,0.0,New Entry,Fresh Release
G-WA,ZHEUS,2025-11-21,2025-11-27,5,39,2.0,Growth Phase,Growing
GANGSTER (PQFNEDG),Ovy On The Drums & Quevedo & Yandel,2024-10-21,2024-11-01,12,15,0.0,Mature Phase,Growing
GANGSTERS Y PISTOLAS,Feid,2024-09-30,2024-10-01,2,25,0.0,Mature Phase,Fresh Release
GATITA GANGSTER,KAROL G,2024-09-13,2024-11-24,63,30,29.0,Mature Phase,Mature Hit
GATITAS SANDUNGUERAS VOL.1,Alvaro Diaz,2025-05-19,2025-07-03,46,12,24.0,Mature Phase,Mature Hit
GRACIAS POR NADA,Bad Bunny,2024-10-14,2024-10-20,7,11,0.0,Mature Phase,Growing
GRAN VÍA,Quevedo,2025-11-24,2025-11-27,4,1,0.0,Peak Phase,Fresh Release
Gata Only,FloyyMenor,2025-08-10,2025-10-14,55,15,0.0,Mature Phase,Mature Hit
Gata Only,FloyyMenor & Cris Mj,2025-02-24,2025-08-09,162,2,41.0,Growth Phase,Evergreen
Gata Only (Mashup),Dj Agus Lima,2025-05-09,2025-05-10,2,5,0.0,Peak Phase,Fresh Release
Gitana (feat. Bryartz),Pablo Chill-E,2025-05-03,2025-06-17,45,15,14.0,Mature Phase,Mature Hit
Goteras,Omar Montes & JC Reyes,2025-06-30,2025-11-23,145,1,8.0,Growth Phase,Evergreen
Gran Día,Mau y Ricky & Guaynaa,2025-05-16,2025-06-01,13,17,15.0,Mature Phase,Growing
Guay,Ozuna & Bad Gyal,2025-04-21,2025-07-20,90,7,6.0,Growth Phase,Evergreen
HABLAME CLARO,Yandel,2025-10-13,2025-10-13,1,47,0.0,New Entry,Fresh Release
HABLAME CLARO,Yandel & Feid,2025-10-02,2025-10-12,11,12,0.0,Mature Phase,Growing
HALO,Quevedo,2025-11-24,2025-11-27,4,7,0.0,Peak Phase,Fresh Release
HAY LUPITA,Lomiiel,2025-07-12,2025-10-29,103,2,23.0,Growth Phase,Evergreen
HEY BB,SAIKO,2025-04-28,2025-05-02,5,26,0.0,Mature Phase,Growing
HIBIKI,Bad Bunny,2024-10-14,2024-12-01,49,2,0.0,Peak Phase,Mature Hit
Hablame Claro,Yandel & Feid,2025-09-16,2025-10-01,16,5,9.0,Growth Phase,Mature Hit
Hala Madrid ...y nada más,Real Madrid,2025-06-03,2025-06-03,1,43,0.0,New Entry,Fresh Release
Hardaway,Duki,2025-11-03,2025-11-03,1,35,0.0,New Entry,Fresh Release
Hasta Olvidarte,Mau y Ricky,2025-06-03,2025-06-08,6,23,1.0,Mature Phase,Growing
Hay Lupita,Megan Koffe,2025-06-28,2025-07-10,13,30,10.0,Mature Phase,Growing
Headshot,Anuel AA,2025-09-22,2025-09-22,1,29,0.0,Mature Phase,Fresh Release
Heavy Is the Crown,Linkin Park,2025-09-27,2025-09-27,1,49,0.0,New Entry,Fresh Release
Heavyweight,Eladio Carrion,2025-05-04,2025-05-04,1,49,0.0,New Entry,Fresh Release
Hermosa Casualidad,Sen Senra & Aitana,2025-06-02,2025-06-09,6,39,4.0,Growth Phase,Growing
Hey Lil Mama,Eladio Carrion,2025-01-21,2025-04-13,78,8,4.0,Growth Phase,Evergreen
Hey Mor,Ozuna,2024-05-18,2024-09-12,97,30,0.0,Mature Phase,Evergreen
Historias Por Contar,Operación Triunfo 2023,2025-02-22,2025-02-24,3,28,0.0,Mature Phase,Fresh Release
Holanda,Jhayco,2024-08-04,2025-03-12,219,3,12.0,Growth Phase,Evergreen
Holly Jolly Christmas,Michael Bublé,2024-12-25,2024-12-27,3,24,0.0,Mature Phase,Fresh Release
Houdini,Dua Lipa,2024-11-11,2024-11-17,7,23,0.0,Mature Phase,Growing
Hoy,Valentino Merlo & The La Planta,2025-09-29,2025-10-04,6,13,3.0,Mature Phase,Growing
I Can Do It With a Broken Heart,Taylor Swift,2025-04-23,2025-04-23,1,50,0.0,New Entry,Fresh Release
IA,Clarent,2025-10-20,2025-11-12,24,1,20.0,Growth Phase,Mature Hit
IA,Clarent & Mora,2025-11-13,2025-11-27,15,1,0.0,Peak Phase,Mature Hit
IGUALES,Quevedo,2025-11-24,2025-11-27,4,3,0.0,Peak Phase,Fresh Release
IL Capo,Rauw Alejandro,2025-11-17,2025-11-17,1,38,0.0,New Entry,Fresh Release
Imagínate,Danny Ocean & Kapo,2025-11-15,2025-11-27,13,15,8.0,Mature Phase,Growing
Imperio,Duki,2025-11-03,2025-11-23,19,15,6.0,Mature Phase,Mature Hit
It's Beginning to Look a Lot like Christmas,Michael Bublé,2024-12-25,2024-12-27,3,16,0.0,Mature Phase,Fresh Release
It's the Most Wonderful Time of the Year,Andy Williams,2024-12-25,2024-12-27,3,12,0.0,Mature Phase,Fresh Release
"Japoni (Feat. Camin, Moncho Chavea, Jthyago & Samueliyo Baby)",Oscar el Ruso & Samuel G & Omar Montes,2025-05-05,2025-06-17,11,45,29.0,Growth Phase,Growing
"Japoni (feat. Camin, Moncho Chavea, Jthyago & Samueliyo Baby)",Oscar el Ruso & Samuel G & Omar Montes,2025-01-18,2025-04-01,61,26,38.0,Mature Phase,Mature Hit
Jingle Bell Rock,Bobby Helms,2024-12-25,2024-12-27,3,10,0.0,Peak Phase,Fresh Release
K-POP,Travis Scott & Bad Bunny & The Weeknd,2024-07-23,2024-08-05,14,21,0.0,Mature Phase,Mature Hit
KASSANDRA,Quevedo,2025-11-24,2025-11-27,4,2,0.0,Peak Phase,Fresh Release
KTM,Jhayco & Bryant Myers & Luar La L,2025-03-24,2025-03-28,4,16,0.0,Mature Phase,Fresh Release
Khé?,Rauw Alejandro,2025-11-17,2025-11-27,11,8,6.0,Growth Phase,Growing
LA 125,Quevedo,2025-11-24,2025-11-27,4,10,0.0,Peak Phase,Fresh Release
LA BABY,Tainy,2024-07-02,2024-07-12,11,25,0.0,Mature Phase,Growing
LA CAPI,Myke Towers,2024-12-14,2025-09-25,233,13,39.0,Mature Phase,Evergreen
LA FALDA,Myke Towers,2024-11-25,2025-11-23,359,1,85.0,Growth Phase,Evergreen
LA INOCENTE,Mora,2024-05-30,2024-08-11,31,45,22.0,Growth Phase,Mature Hit
LA MARINA STA MORENA,Figa Flawas,2025-08-07,2025-10-15,69,19,28.0,Mature Phase,Evergreen
LA NENA,Lyanno & Rauw Alejandro,2025-04-21,2025-05-25,27,25,6.0,Mature Phase,Mature Hit
LA RANGER (feat. Myke Towers),The Academy: Segunda Misión & Justin Quiles & Lenny Tavárez,2025-03-31,2025-07-16,107,3,11.0,Growth Phase,Evergreen
LA REINA,Lola Indigo,2025-06-16,2025-11-26,162,4,4.0,Growth Phase,Evergreen
LA RIJANA,SAIKO,2025-04-28,2025-04-29,2,41,0.0,New Entry,Fresh Release
LA SEVILLANA,Omar Montes,2025-04-14,2025-05-04,21,3,6.0,Growth Phase,Mature Hit
LA SEVILLANA - SEVILLANAS,Omar Montes,2025-05-05,2025-07-03,60,8,0.0,Peak Phase,Mature Hit
LA VUELTA,Feid,2024-12-02,2024-12-02,1,48,0.0,New Entry,Fresh Release
LA ÚLTIMA,Quevedo,2025-02-03,2025-03-23,48,1,0.0,Peak Phase,Mature Hit
LAGUNA,Mora,2024-08-30,2024-09-02,4,11,0.0,Mature Phase,Fresh Release
LALA,Myke Towers,2024-06-29,2025-09-24,310,1,6.0,Growth Phase,Evergreen
LAS BABYS,Aitana,2024-06-09,2024-08-29,82,4,2.0,Growth Phase,Evergreen
LATTE (feat. Maria Becerra),The Academy: Segunda Misión & Sech & Dalex,2025-03-31,2025-03-31,1,43,0.0,New Entry,Fresh Release
LOKITA,Mora,2024-08-30,2024-09-02,4,13,0.0,Mature Phase,Fresh Release
LOS DÍAS CONTADOS,Quevedo,2025-11-24,2025-11-27,4,4,0.0,Peak Phase,Fresh Release
LOS PITS,Bad Bunny,2024-10-14,2024-10-20,7,20,0.0,Mature Phase,Growing
LUCES DE TECNO,Feid,2024-09-30,2025-02-03,124,7,0.0,Peak Phase,Evergreen
LUNA,Feid,2024-12-02,2025-11-27,357,2,40.0,Growth Phase,Evergreen
LUNA,SAIKO,2025-04-28,2025-05-09,12,9,0.0,Peak Phase,Growing
LUNCH,Billie Eilish,2025-05-19,2025-05-30,12,20,6.0,Mature Phase,Growing
La Baby,Brytiago,2024-11-03,2024-12-02,16,3,27.0,Growth Phase,Mature Hit
La Bachata,Manuel Turizo,2024-05-18,2025-11-19,538,11,228.0,Mature Phase,Evergreen
La Bebe - Remix,Yng Lvcas & Peso Pluma,2024-05-18,2024-08-29,104,10,14.0,Growth Phase,Evergreen
La Canción Feliz Del Disco,Eladio Carrion,2025-01-21,2025-01-24,4,13,0.0,Mature Phase,Fresh Release
La Fiesta,Pedro Capó,2024-05-18,2024-06-27,17,30,2.0,Mature Phase,Mature Hit
La Gata Bajo La Lluvia,Naiara,2025-01-25,2025-01-25,1,46,0.0,New Entry,Fresh Release
La Jumpa,Arcángel,2024-05-18,2024-06-23,37,36,11.0,Growth Phase,Mature Hit
La Rizos [Dime Si Le Comento a la Pura],Las 2K & Chardo Chardemio & Melody Records International,2025-08-25,2025-11-06,69,22,21.0,Mature Phase,Evergreen
La Torre Picasso,Arde Bogotá,2025-09-15,2025-09-15,1,46,0.0,New Entry,Fresh Release
La Vida Sin Ti,Rels B,2025-04-28,2025-06-29,63,8,4.0,Growth Phase,Mature Hit
La Vida Sin Ti,Rels B & Lia Kali,2025-04-25,2025-04-27,3,15,0.0,Mature Phase,Fresh Release
La roja baila - Himno oficial de la selección española,Sergio Ramos & Niña Pastori & RedOne,2025-07-15,2025-07-16,2,9,0.0,Peak Phase,Fresh Release
La_Original.mp3,Emilia,2024-11-04,2025-06-03,202,10,124.0,Growth Phase,Evergreen
Las Bratz (Remix),Aissa & JC Reyes & Saiko,2024-05-18,2024-05-27,10,44,2.0,Growth Phase,Growing
Last Christmas - Single Version,Wham!,2024-12-23,2024-12-27,5,4,2.0,Growth Phase,Growing
Let It Snow! Let It Snow! Let It Snow!,Dean Martin,2024-12-25,2024-12-27,3,15,0.0,Mature Phase,Fresh Release
Let It Snow! Let It Snow! Let It Snow! (with The B. Swanson Quartet),Frank Sinatra,2024-12-25,2024-12-25,1,33,0.0,New Entry,Fresh Release
Like I Can (feat. Aitana),Sam Smith & Aitana,2025-08-10,2025-08-10,1,42,0.0,New Entry,Fresh Release
Lo Que Tiene,Morad & Beny Jr & Rvfv,2025-03-10,2025-11-23,254,5,3.0,Growth Phase,Evergreen
Lo que no ves de mí,Juanjo Bona,2025-04-18,2025-04-18,1,38,0.0,New Entry,Fresh Release
Lollipop,Darell,2024-10-02,2025-01-17,105,1,19.0,Growth Phase,Evergreen
Los del Espacio,LIT killah,2024-06-04,2025-02-16,257,2,5.0,Growth Phase,Evergreen
Los Ángeles,Aitana,2024-05-18,2024-08-05,80,20,0.0,Mature Phase,Evergreen
Luchas Mentales,Eladio Carrion,2025-01-21,2025-01-21,1,43,0.0,New Entry,Fresh Release
Luna llena,Beny Jr,2025-07-31,2025-11-27,119,4,75.0,Growth Phase,Evergreen
M.A.I,Milo j,2025-01-17,2025-04-30,100,4,14.0,Growth Phase,Evergreen
MALA SUERTE,Lola Indigo & DELLAFUENTE,2024-09-03,2024-09-09,7,32,3.0,Growth Phase,Growing
MAREA,Mora,2024-08-30,2024-08-31,2,24,0.0,Mature Phase,Fresh Release
MEDIA LUNA,Mora,2024-08-30,2024-09-21,14,5,0.0,Peak Phase,Mature Hit
MEJOR ASÍ,Myke Towers,2025-08-24,2025-08-24,1,37,0.0,New Entry,Fresh Release
MEMORIAS,Mora,2024-05-18,2024-05-27,10,39,5.0,Growth Phase,Growing
MERCEDES CAROTA,Bad Bunny,2024-10-14,2024-10-21,8,17,0.0,Mature Phase,Growing
MERCHO,LiL CaKe & Migrantes,2024-05-18,2024-08-29,104,21,11.0,Mature Phase,Evergreen
MI DROGA,Myke Towers,2024-05-18,2024-05-20,3,46,0.0,New Entry,Fresh Release
MI EX TENÍA RAZÓN,KAROL G,2024-08-13,2025-07-31,22,16,0.0,Mature Phase,Mature Hit
MIENTRAS ME CURO DEL CORA,KAROL G,2025-07-24,2025-08-02,10,37,4.0,Growth Phase,Growing
MODELITO,Mora,2024-09-09,2025-06-17,279,4,64.0,Growth Phase,Evergreen
MOJABI GHOST,Tainy,2024-07-02,2024-08-03,33,6,0.0,Peak Phase,Mature Hit
MONACO,Bad Bunny,2024-10-14,2025-01-12,78,1,0.0,Peak Phase,Evergreen
MR. MOONDIAL,Quevedo,2025-11-24,2025-11-27,4,5,1.0,Growth Phase,Fresh Release
MR. OCTOBER,Bad Bunny,2024-10-14,2024-10-21,8,7,0.0,Peak Phase,Growing
Ma Meilleure Ennemie (from the series Arcane League of Legends),Stromae & Pomme & Arcane,2025-11-27,2025-11-27,1,38,0.0,New Entry,Fresh Release
Madrid City,Ana Mena,2024-09-30,2025-04-15,181,13,95.0,Mature Phase,Evergreen
Mal de amores,Natos y Waor & Israel B,2025-02-11,2025-02-17,4,29,4.0,Mature Phase,Fresh Release
Malicia,DELLAFUENTE,2025-06-16,2025-06-21,6,29,0.0,Mature Phase,Growing
Mama's Boy,Eladio Carrion,2025-01-21,2025-01-21,1,34,0.0,New Entry,Fresh Release
Mamasota,Manuel Turizo & Yandel,2025-03-15,2025-03-15,1,50,0.0,New Entry,Fresh Release
Mami Chula,Jhayco & Quevedo,2024-05-18,2024-09-18,118,6,0.0,Peak Phase,Evergreen
Mamichula - con Nicki Nicole,Trueno,2025-02-18,2025-04-05,44,7,14.0,Growth Phase,Mature Hit
Manos Rotas,DELLAFUENTE & Morad,2024-11-18,2025-11-23,329,1,11.0,Growth Phase,Evergreen
Maquillaje,Renn & Yexel,2025-03-21,2025-06-02,65,18,18.0,Mature Phase,Mature Hit
Maquillaje - Remix,Renn & Myke Towers & Nio Garcia,2025-07-10,2025-07-14,4,25,4.0,Mature Phase,Fresh Release
Maquillaje - Remix,refracted arg,2025-04-21,2025-04-24,4,32,0.0,New Entry,Fresh Release
Martini,Dei V,2025-05-02,2025-11-23,150,7,46.0,Growth Phase,Evergreen
Me has invitado a bailar,Dani Fernández,2025-09-04,2025-11-27,85,15,57.0,Mature Phase,Evergreen
Mencionar,Eladio Carrion,2025-01-21,2025-01-21,1,42,0.0,New Entry,Fresh Release
Mi Cuarto,Tiago PZK & Rels B,2025-10-27,2025-10-27,1,46,0.0,New Entry,Fresh Release
Mi Lova,Bad Gyal & Myke Towers,2024-07-09,2024-08-18,41,14,0.0,Mature Phase,Mature Hit
Mi Luz (ft. Rels B),Rvfv,2024-10-23,2025-10-18,172,32,353.0,Growth Phase,Evergreen
Mi Nena Remix,Maikel Delacalle & Quevedo,2024-05-18,2024-06-10,24,26,1.0,Mature Phase,Mature Hit
Mil Mujeres,Rauw Alejandro,2025-11-17,2025-11-17,1,36,0.0,New Entry,Fresh Release
"Milo J: Bzrp Music Sessions, Vol. 57",Bizarrap & Milo j,2024-10-07,2025-02-10,59,1,0.0,Peak Phase,Mature Hit
"Milo J: Bzrp Music Sessions, Vol. 57",Paul Thin,2025-02-01,2025-02-02,2,39,0.0,New Entry,Fresh Release
Mirame,Blessd & Ovy On The Drums,2025-07-15,2025-07-30,16,13,4.0,Mature Phase,Mature Hit
Mis Tías,Juanjo Bona,2025-07-21,2025-07-23,2,44,0.0,New Entry,Fresh Release
My Love,De La Ghetto & Quevedo,2024-06-04,2024-07-01,27,36,11.0,Growth Phase,Mature Hit
NADIE SABE,Bad Bunny,2024-10-14,2024-10-28,15,3,0.0,Peak Phase,Mature Hit
NANA DEL HILO ROJO,SAIKO,2025-04-28,2025-05-02,5,16,0.0,Mature Phase,Growing
NO ME QUIERO CASAR,Bad Bunny,2024-10-14,2024-10-19,6,22,0.0,Mature Phase,Growing
NO PIENSO LLAMAR,Soge Culebra,2024-10-14,2025-03-02,140,7,70.0,Growth Phase,Evergreen
NO PIENSO LLAMAR,Soge Culebra & Quevedo & GARABATTO,2024-10-07,2024-10-13,7,16,0.0,Mature Phase,Growing
NOEMÚ,Quevedo,2025-11-24,2025-11-27,4,15,0.0,Mature Phase,Fresh Release
Narcotics (with Bryant Myers),Dei V & Bryant Myers,2024-10-04,2025-06-11,188,15,85.0,Mature Phase,Evergreen
"Natanael Cano: Bzrp Music Sessions, Vol. 59",Bizarrap & Natanael Cano,2025-04-06,2025-04-13,8,32,1.0,Growth Phase,Growing
New Woman (feat. ROSALÍA),LISA & ROSALÍA,2025-08-17,2025-08-30,14,15,0.0,Mature Phase,Mature Hit
Ni Me Conozco,Rauw Alejandro,2025-11-17,2025-11-22,6,26,0.0,Mature Phase,Growing
Niña Bonita,Feid & Sean Paul,2024-05-18,2024-08-08,83,13,1.0,Mature Phase,Evergreen
No Digas Na,Feid & Yandel,2025-04-17,2025-04-20,4,48,1.0,Growth Phase,Fresh Release
No Estuviste En Lo Malo,Morad,2024-05-18,2024-06-23,11,46,13.0,Growth Phase,Growing
No Estuviste En Lo Malo - REMIX,Morad & Beny Jr & DELLAFUENTE,2024-10-07,2025-01-31,112,12,0.0,Mature Phase,Evergreen
No Has Cambiado,Baby Rasta & Noriel & Hades66,2025-10-13,2025-11-27,24,11,2.0,Mature Phase,Mature Hit
No Te Quieren Conmigo,Gaby Music & Lunay & Luar La L,2024-12-20,2025-04-10,110,4,21.0,Growth Phase,Evergreen
No Te Quieren Conmigo - Remix,Gaby Music & Anuel AA & Luar La L,2025-04-07,2025-04-27,21,17,0.0,Mature Phase,Mature Hit
No soy Eterno,Bizarrap & Milo j,2024-10-07,2024-10-13,7,27,3.0,Mature Phase,Growing
No_Se_Ve.mp3,Emilia,2024-11-04,2025-02-09,75,32,1.0,Growth Phase,Evergreen
No_se_ve.mp3,Emilia & LUDMILLA & ZECCA,2024-06-08,2024-11-03,134,13,78.0,Mature Phase,Evergreen
Nochentera,Vicco,2024-05-18,2025-01-09,156,9,9.0,Growth Phase,Evergreen
Nueva Era,Duki,2025-11-03,2025-11-27,25,3,5.0,Growth Phase,Mature Hit
NÚMERO TELEFÓNICO,SAIKO,2025-04-28,2025-05-09,12,14,0.0,Mature Phase,Growing
OA,Anuel AA & Quevedo & Maluma,2024-10-16,2025-04-27,192,3,26.0,Growth Phase,Evergreen
OBVIO,Myke Towers,2024-11-25,2024-11-25,1,25,0.0,Mature Phase,Fresh Release
OTRA NOCHE,Myke Towers & Darell,2025-08-20,2025-08-23,4,36,3.0,Growth Phase,Fresh Release
OTRA NOCHE (feat. Darell),Myke Towers,2025-08-24,2025-11-16,85,11,14.0,Mature Phase,Evergreen
OTRA OPORTUNIDAD,Myke Towers,2025-08-24,2025-08-24,1,25,0.0,Mature Phase,Fresh Release
OTRO ROUND,Myke Towers,2024-11-25,2024-11-25,1,50,0.0,New Entry,Fresh Release
Ohnana,Kapo,2025-07-04,2025-11-27,145,2,28.0,Growth Phase,Evergreen
Omega (feat. Ralphie Choo),ROSALÍA,2025-09-27,2025-10-10,14,3,0.0,Peak Phase,Mature Hit
Orgullosa De Papá,Cano,2025-11-01,2025-11-23,6,45,15.0,Growth Phase,Growing
Oye BB,Omar Montes & Nicky Jam,2024-11-11,2024-11-11,1,43,0.0,New Entry,Fresh Release
PA' LA VUELTA,Eladio Carrion & Morad,2024-08-06,2024-08-06,1,49,0.0,New Entry,Fresh Release
PASAJERO,Mora,2024-08-30,2024-10-13,45,4,0.0,Peak Phase,Mature Hit
PASIEMPRE,Tainy,2024-07-02,2024-07-20,19,21,3.0,Mature Phase,Mature Hit
PELIGROSA,FloyyMenor,2025-07-31,2025-11-27,119,3,39.0,Growth Phase,Evergreen
PERREO LENTO,Chris Jedi & Gaby Music & Dei V,2025-03-02,2025-03-29,26,28,5.0,Mature Phase,Mature Hit
PERRO NEGRO,Bad Bunny,2024-10-14,2025-05-31,195,2,3.0,Growth Phase,Evergreen
PERROS&GATA$,Nicki Nicole & SAIKO,2025-07-04,2025-07-07,4,45,0.0,New Entry,Fresh Release
PIDE,Mora,2024-08-30,2024-09-02,4,15,0.0,Mature Phase,Fresh Release
PIRIBIRI,JC Reyes & Pedro Calderon,2024-08-09,2024-09-29,41,37,39.0,Growth Phase,Mature Hit
PLAYA DEL INGLÉS,Quevedo,2024-05-18,2024-12-12,159,15,0.0,Mature Phase,Evergreen
POLARIS - Remix,SAIKO,2025-04-28,2025-05-09,12,31,1.0,Growth Phase,Growing
POLARIS - Remix,SAIKO & Feid & Quevedo,2025-03-02,2025-04-20,48,31,30.0,Growth Phase,Mature Hit
POLARIS - Remix,Saiko & Feid & Quevedo,2024-06-11,2025-03-01,264,1,0.0,Peak Phase,Evergreen
POR ATRÁS,Quevedo,2025-11-24,2025-11-27,4,11,0.0,Mature Phase,Fresh Release
PRIVILEGIOS,Feid,2024-09-30,2024-10-01,2,46,0.0,New Entry,Fresh Release
PROVENZA,KAROL G,2025-07-25,2025-07-30,6,45,1.0,Growth Phase,Growing
PUNTO G,Quevedo,2024-05-18,2025-01-13,162,23,12.0,Mature Phase,Evergreen
Pacto (feat. Bryant Myers & Dei V) - Remix,Jay Wheeler & Anuel AA & Hades66,2024-07-29,2024-10-06,66,20,21.0,Mature Phase,Mature Hit
Pacto (feat. Luar La L),Jay Wheeler,2024-06-01,2024-07-01,31,38,21.0,Growth Phase,Mature Hit
Pasaporte,Rauw Alejandro,2025-11-17,2025-11-17,1,43,0.0,New Entry,Fresh Release
Pasaporte,Rauw Alejandro & Mr. Naisgai,2025-09-29,2025-09-29,1,49,0.0,New Entry,Fresh Release
Passoa,JHAYCO,2025-09-08,2025-09-27,20,27,0.0,Mature Phase,Mature Hit
Passoa,JHAYCO & Kapo,2025-08-17,2025-09-07,20,19,9.0,Mature Phase,Mature Hit
Paz,Morad,2024-05-18,2024-05-20,3,44,0.0,New Entry,Fresh Release
Pedro,Jaxomy & Agatino Romero & Raffaella Carrà,2025-04-14,2025-05-21,35,14,7.0,Mature Phase,Mature Hit
Penas de Antaño,Bizarrap & Milo j,2024-10-09,2024-10-12,4,44,1.0,Growth Phase,Fresh Release
Perdió Este Culo,Bad Gyal,2025-01-28,2025-02-24,28,18,3.0,Mature Phase,Mature Hit
"Peso Pluma: Bzrp Music Sessions, Vol. 55",Bizarrap & Peso Pluma,2024-06-03,2024-07-01,29,2,0.0,Peak Phase,Mature Hit
Please Please Please,Sabrina Carpenter,2025-06-12,2025-06-20,9,33,6.0,Growth Phase,Growing
Polaris,Saiko,2024-05-18,2024-06-11,25,22,23.0,Mature Phase,Mature Hit
Potra Salvaje,Isabel Aaiún,2025-07-07,2025-08-28,50,14,11.0,Mature Phase,Mature Hit
Potra Salvaje - Hard Remix,Isabel Aaiún & Fernando Moreno,2025-05-29,2025-09-24,114,3,20.0,Growth Phase,Evergreen
Probemas Mentales,JZAEB & Eix,2025-03-07,2025-03-07,1,48,0.0,New Entry,Fresh Release
Problemas Mentales,JZAEB & Eix,2025-03-20,2025-03-22,2,22,2.0,Mature Phase,Fresh Release
"Ptazeta: Bzrp Music Sessions, Vol. 45",Paul Thin & RUSLANA,2025-01-18,2025-01-19,2,42,0.0,New Entry,Fresh Release
PÓLVORA,Mora,2024-08-30,2024-09-09,11,8,0.0,Peak Phase,Growing
Q U E V A S H A C E R H O Y ?,Omar Courtz,2025-09-25,2025-11-27,64,1,7.0,Growth Phase,Mature Hit
QLONA,KAROL G,2024-08-19,2025-10-19,342,8,26.0,Growth Phase,Evergreen
QUE ASCO DE TODO,Quevedo,2025-11-24,2025-11-27,4,19,0.0,Mature Phase,Fresh Release
QUEVEDO #49 AFTER HOUR THE MIXTAPE,DJ Saot ST,2024-06-04,2024-06-04,1,48,0.0,New Entry,Fresh Release
QUIZÁS SI QUIZÁS NO,Alvaro Diaz & Quevedo,2024-11-25,2024-12-23,29,13,0.0,Mature Phase,Mature Hit
Que Me Lleve el Aire,Luis Cortés,2025-10-10,2025-10-17,8,42,3.0,Growth Phase,Growing
Que te vaya bien,Rvfv,2024-05-18,2024-06-07,21,26,0.0,Mature Phase,Mature Hit
"Quevedo: Bzrp Music Sessions, Vol. 52",Bizarrap & Quevedo,2024-05-18,2025-01-03,133,27,11.0,Mature Phase,Evergreen
Quickie,Dei V,2025-11-19,2025-11-25,7,31,4.0,Growth Phase,Growing
Quien Es Dei V?,Dei V,2024-09-24,2025-04-09,196,10,10.0,Growth Phase,Evergreen
Quién es Dei V?,Dei V,2025-06-16,2025-06-16,1,50,0.0,New Entry,Fresh Release
Qué Pasaría...,Rauw Alejandro,2025-11-17,2025-11-27,11,1,0.0,Peak Phase,Growing
Qué Pecao,Manuel Turizo,2025-11-24,2025-11-27,4,34,0.0,New Entry,Fresh Release
Qué Pecao,Manuel Turizo & Kapo,2025-10-06,2025-11-23,49,13,7.0,Mature Phase,Mature Hit
RAPAPA,JC Reyes,2025-10-20,2025-11-26,38,8,12.0,Growth Phase,Mature Hit
REAL GANGSTA LOVE,Trueno,2025-06-06,2025-11-16,154,1,6.0,Growth Phase,Evergreen
REINA,Mora,2024-08-30,2025-04-17,229,1,0.0,Peak Phase,Evergreen
REMIX EXCLUSIVO,Feid,2024-05-18,2024-06-04,17,43,2.0,Growth Phase,Mature Hit
RITMO DE MEDALLO,Feid,2024-09-30,2024-10-01,2,37,0.0,New Entry,Fresh Release
RITUAL,Myke Towers,2024-11-25,2024-11-25,1,48,0.0,New Entry,Fresh Release
RKO,Eladio Carrion,2025-01-21,2025-01-24,4,20,0.0,Mature Phase,Fresh Release
RUEDA,Rvfv,2025-06-02,2025-08-14,70,21,17.0,Mature Phase,Evergreen
Rapeadita LOVE,Rels B,2025-04-28,2025-04-28,1,44,0.0,New Entry,Fresh Release
Rapido (with Cris Mj),Dei V,2025-06-16,2025-11-27,162,5,67.0,Growth Phase,Evergreen
Rara Vez,Taiu & Milo j,2024-05-18,2024-12-13,147,15,2.0,Mature Phase,Evergreen
"Rauw Alejandro: Bzrp Music Sessions, Vol. 56",Bizarrap & Rauw Alejandro,2024-06-24,2024-10-13,111,1,0.0,Peak Phase,Evergreen
Razones,Ozuna & Anuel AA & Mambo Kingz,2025-06-30,2025-07-05,6,16,0.0,Mature Phase,Growing
Remember Me,Duki,2024-07-19,2024-07-22,4,43,0.0,New Entry,Fresh Release
Revolú,Rauw Alejandro,2025-11-17,2025-11-23,7,10,0.0,Peak Phase,Growing
"Ride Or Die, Pt. 2 (with Villano Antillano & Tokischa)",Sevdaliza & Villano Antillano & Tokischa,2025-04-26,2025-05-12,5,26,1.0,Mature Phase,Growing
RoCKSTAR 2.0,Duki,2024-06-25,2024-07-02,8,16,0.0,Mature Phase,Growing
RoCKSTAR 2.0,Duki & Jhayco,2024-06-24,2024-06-24,1,14,0.0,Mature Phase,Fresh Release
Rockin' Around The Christmas Tree,Brenda Lee,2024-12-24,2024-12-27,4,7,1.0,Growth Phase,Fresh Release
Romero Santo,DELLAFUENTE,2025-06-16,2025-06-21,5,31,0.0,New Entry,Growing
Rosas,La Oreja de Van Gogh,2025-10-17,2025-10-26,10,30,2.0,Mature Phase,Growing
RÁPIDO,Mora,2024-05-18,2024-05-24,7,41,0.0,New Entry,Growing
S91,KAROL G,2024-07-16,2024-09-04,49,21,28.0,Mature Phase,Mature Hit
SE ME OLVIDA,Maisak & Feid,2025-08-24,2025-11-16,79,11,8.0,Mature Phase,Evergreen
SE TE NOTA (feat. Peso Pluma),Myke Towers,2025-08-24,2025-08-25,2,27,0.0,Mature Phase,Fresh Release
SEDA,Bad Bunny,2024-10-14,2025-02-13,119,6,0.0,Peak Phase,Evergreen
SEXO DESENFRENADO,Myke Towers,2025-08-24,2025-08-24,1,45,0.0,New Entry,Fresh Release
SEYA,GIMS,2024-10-21,2025-02-27,109,21,60.0,Mature Phase,Evergreen
SHIBATTO,Quevedo,2025-11-24,2025-11-27,4,3,2.0,Growth Phase,Fresh Release
SI NO ES CONTIGO,Cris Mj,2025-06-18,2025-09-20,92,31,52.0,Growth Phase,Evergreen
SI SABE FERXXO,Blessd,2025-01-28,2025-02-28,31,27,4.0,Mature Phase,Mature Hit
"SI SI SI SI (feat. Eladio Carrion, Bryant Myers, Dei V)",The Academy: Segunda Misión,2025-03-31,2025-03-31,1,16,0.0,Mature Phase,Fresh Release
"SI SI SI SI (feat. Eladio Carrion, Bryant Myers, Dei V)",The Academy: Segunda Misión & Justin Quiles & Lenny Tavárez,2025-04-01,2025-06-08,58,16,11.0,Mature Phase,Mature Hit
SI TE PEGAS,Rauw Alejandro,2024-07-09,2024-07-12,4,30,0.0,Mature Phase,Fresh Release
SORRY 4 THAT MUCH,Feid,2025-06-09,2025-07-17,38,9,8.0,Growth Phase,Mature Hit
SPANISH TETEO,Rvfv & Rels B & Omar Montes,2024-09-10,2024-09-11,2,50,0.0,New Entry,Fresh Release
STAR,JC Reyes,2025-10-20,2025-11-27,37,7,26.0,Growth Phase,Mature Hit
SUPERNOVA,SAIKO,2025-04-28,2025-05-03,6,33,0.0,New Entry,Growing
Sangre y Fe,Cruz Cafuné,2024-05-28,2024-06-16,20,6,0.0,Peak Phase,Mature Hit
Santa,Rvssian,2025-05-22,2025-11-27,188,2,0.0,Peak Phase,Evergreen
Santa,Rvssian & Rauw Alejandro & Ayra Starr,2025-04-16,2025-05-21,36,1,5.0,Growth Phase,Mature Hit
Santa Tell Me,Ariana Grande,2024-12-25,2024-12-27,3,17,0.0,Mature Phase,Fresh Release
Se Fue,Rauw Alejandro,2025-11-17,2025-11-27,11,5,0.0,Peak Phase,Growing
Se Grita,Morad,2024-07-21,2024-08-05,16,46,4.0,Growth Phase,Mature Hit
Se Pone Las Nike,Cano,2025-11-06,2025-11-27,22,6,8.0,Growth Phase,Mature Hit
SexeSexy,Mushkaa,2025-03-31,2025-04-13,6,40,0.0,New Entry,Growing
"Shakira: Bzrp Music Sessions, Vol. 53",Bizarrap & Shakira,2024-05-18,2024-07-18,61,30,5.0,Mature Phase,Mature Hit
Shars 2023,Al Safir,2024-11-30,2024-12-01,2,21,0.0,Mature Phase,Fresh Release
Si Antes Te Hubiera Conocido,KAROL G,2025-06-22,2025-11-27,157,1,10.0,Growth Phase,Evergreen
Si La Calle Llama - Remix,Eladio Carrion,2024-05-18,2024-08-29,104,20,1.0,Mature Phase,Evergreen
Si No Estás,iñigo quintero,2024-09-20,2025-04-03,187,1,9.0,Growth Phase,Evergreen
Sigo Enamorau',Eladio Carrion,2025-01-21,2025-01-21,1,17,0.0,Mature Phase,Fresh Release
Sin Gato (MIAU!),Rels B,2024-05-28,2024-06-03,3,45,0.0,New Entry,Fresh Release
Sleigh Ride,The Ronettes,2024-12-25,2024-12-27,3,28,0.0,Mature Phase,Fresh Release
Snowman,Sia,2024-12-25,2024-12-27,3,27,0.0,Mature Phase,Fresh Release
Sofi - Remix,Samueliyo Baby & KEVIN ROLDAN,2024-12-12,2024-12-14,3,22,0.0,Mature Phase,Fresh Release
Solita y SueltAAA,Rels B,2024-07-23,2024-07-25,3,49,2.0,Growth Phase,Fresh Release
Soltera,Shakira,2025-09-28,2025-11-27,61,5,16.0,Growth Phase,Mature Hit
Sonrisa,Eladio Carrion,2025-01-21,2025-01-21,1,16,0.0,Mature Phase,Fresh Release
Sport+ RMX,Clarent & Myke Towers,2025-08-15,2025-08-23,9,47,2.0,Growth Phase,Growing
Suano,NTG & Amenazzy,2025-05-16,2025-08-09,80,6,17.0,Growth Phase,Evergreen
Supernova,Saiko,2024-05-18,2024-12-16,201,1,0.0,Peak Phase,Evergreen
T'as peur,Aya Nakamura,2024-05-18,2024-05-21,4,45,0.0,New Entry,Fresh Release
TAMBIÉN,Myke Towers,2025-08-24,2025-11-27,88,5,43.0,Growth Phase,Evergreen
TE FALLÉ,Quevedo,2025-11-24,2025-11-27,4,17,0.0,Mature Phase,Fresh Release
TELEFONO NUEVO,Bad Bunny,2024-10-14,2024-10-28,15,9,0.0,Peak Phase,Mature Hit
THUNDER Y LIGHTNING,Bad Bunny,2024-10-14,2024-11-17,35,14,0.0,Mature Phase,Mature Hit
TQG,KAROL G,2024-05-18,2025-08-08,120,9,0.0,Peak Phase,Evergreen
TQMQA,Eladio Carrion,2024-12-17,2025-01-26,32,15,35.0,Mature Phase,Mature Hit
TU$$I (with Dei V),YOVNGCHIMI,2025-03-01,2025-08-16,160,11,18.0,Mature Phase,Evergreen
TUYA,ROSALÍA,2024-06-11,2024-07-18,38,6,0.0,Peak Phase,Mature Hit
Tacos Gucci,Anuel AA,2025-02-18,2025-03-05,13,19,4.0,Mature Phase,Growing
Tanta Droga,Eladio Carrion,2025-01-21,2025-01-21,1,27,0.0,Mature Phase,Fresh Release
Taste,Sabrina Carpenter,2025-08-29,2025-09-03,6,47,2.0,Growth Phase,Growing
Tattoo,Loreen,2024-05-18,2024-06-02,16,21,0.0,Mature Phase,Mature Hit
Te Menti,Ozuna & Saiko & Ovy On The Drums,2024-09-19,2024-09-29,11,38,1.0,Growth Phase,Growing
Tengo Un Plan,Key-Key,2025-04-04,2025-06-11,69,11,10.0,Mature Phase,Evergreen
Thalía,Cyril Kamer,2025-03-15,2025-06-04,81,9,25.0,Growth Phase,Evergreen
Thalía - Remix,Cyril Kamer & Rvfv & Polimá Westcoast,2025-07-18,2025-08-23,34,25,17.0,Mature Phase,Mature Hit
The Code,Nemo,2025-05-14,2025-05-18,5,24,0.0,Mature Phase,Growing
The Emptiness Machine,Linkin Park,2025-09-11,2025-10-02,17,30,2.0,Mature Phase,Mature Hit
Timeless (with Playboi Carti),The Weeknd & Playboi Carti,2025-09-29,2025-09-29,1,50,0.0,New Entry,Fresh Release
Todo Contigo,Álvaro De Luna,2024-05-18,2024-09-23,129,12,0.0,Mature Phase,Evergreen
Todo Lit,Eladio Carrion,2025-01-21,2025-01-21,1,23,0.0,Mature Phase,Fresh Release
Toy en el Mic,Bizarrap & Milo j,2024-10-07,2024-10-13,7,24,3.0,Mature Phase,Growing
Tranquila Baby,Eladio Carrion,2025-01-21,2025-01-21,1,32,0.0,New Entry,Fresh Release
Trato De Estar Bien,Duki,2025-11-03,2025-11-09,5,37,0.0,New Entry,Growing
Trending Remix (with Myke Towers),Dei V,2025-03-03,2025-07-20,137,10,7.0,Growth Phase,Evergreen
Tu Ritmo,Eladio Carrion,2025-01-21,2025-01-21,1,21,0.0,Mature Phase,Fresh Release
Tu Silueta,Diegote,2025-07-14,2025-10-28,106,5,17.0,Growth Phase,Evergreen
Tú Con Él,Rauw Alejandro,2025-11-17,2025-11-23,7,12,0.0,Mature Phase,Growing
UN DESEO,Mora,2024-08-30,2024-08-31,2,20,0.0,Mature Phase,Fresh Release
UN PREVIEW,Bad Bunny,2024-09-27,2024-11-02,37,1,0.0,Peak Phase,Mature Hit
UNA BACHATA,Lola Indigo,2025-02-04,2025-04-27,77,8,0.0,Peak Phase,Evergreen
UWAIE,Kapo,2025-08-20,2025-11-27,100,2,9.0,Growth Phase,Evergreen
Un Desperdicio,Rels B,2025-04-28,2025-05-15,16,29,10.0,Mature Phase,Mature Hit
Un Rodeoooo,Rels B,2024-07-23,2024-09-23,57,36,18.0,Growth Phase,Mature Hit
Una Foto Remix (feat. Emilia),Mesita & Nicki Nicole & Tiago PZK,2025-01-11,2025-06-15,154,6,21.0,Growth Phase,Evergreen
Una Velita,Bad Bunny,2025-09-22,2025-09-27,6,7,0.0,Peak Phase,Growing
Underneath the Tree,Kelly Clarkson,2024-12-25,2024-12-27,3,22,0.0,Mature Phase,Fresh Release
VAGABUNDO,Sebastian Yatra,2024-09-24,2024-09-26,3,14,0.0,Mature Phase,Fresh Release
VAGABUNDO,Sebastian Yatra & Manuel Turizo & Beéle,2024-05-18,2025-10-16,385,3,17.0,Growth Phase,Evergreen
VENTE CONMIGO,Feid,2024-08-06,2024-08-12,7,22,0.0,Mature Phase,Growing
VISTA AL MAR,Quevedo,2024-05-21,2024-07-29,33,43,9.0,Growth Phase,Mature Hit
VOLVER,Tainy,2024-07-02,2024-07-02,1,49,0.0,New Entry,Fresh Release
VOU 787,Bad Bunny,2024-10-14,2024-10-18,5,13,0.0,Mature Phase,Growing
VUELVE CANDY B,Bad Bunny,2024-10-14,2024-10-18,5,19,0.0,Mature Phase,Growing
"VVS Switch (feat. Hades66, Luar La L & CDobleta) - Remix",Pressure 9X19 & Anuel AA & YOVNGCHIMI,2025-03-17,2025-03-30,13,13,0.0,Mature Phase,Growing
Vacile,Yan Block,2025-08-15,2025-11-27,105,16,63.0,Mature Phase,Evergreen
Vida De Rock,Duki,2025-11-03,2025-11-10,8,34,4.0,Growth Phase,Growing
WANDA,Quevedo,2024-05-18,2024-12-07,145,18,0.0,Mature Phase,Evergreen
WHERE SHE GOES,Bad Bunny,2024-05-21,2024-10-28,154,1,0.0,Peak Phase,Evergreen
WYA REMIX RED,J Abdiel & De La Rose & Yan Block,2025-06-19,2025-11-16,140,22,23.0,Mature Phase,Evergreen
Whisky,Samuel G & Oscar el Ruso & Aissa,2025-07-17,2025-07-31,15,30,4.0,Mature Phase,Mature Hit
X'CLUSIVO,Gonzy,2025-01-31,2025-03-09,38,3,30.0,Growth Phase,Mature Hit
X'CLUSIVO - REMIX,Gonzy,2025-10-13,2025-11-23,42,21,0.0,Mature Phase,Mature Hit
X'CLUSIVO - REMIX,Gonzy & SAIKO & Arcángel,2025-03-03,2025-10-12,220,1,0.0,Peak Phase,Evergreen
Xxx_Rosario_xxX,Saiko,2024-12-24,2025-01-05,13,23,0.0,Mature Phase,Growing
YO LO SOÑÉ,SAIKO,2025-04-28,2025-08-16,109,1,2.0,Growth Phase,Evergreen
YO LO SOÑÉ,SAIKO & Omar Montes,2025-04-19,2025-04-27,9,2,6.0,Growth Phase,Growing
YO TENGO UN NOVIO,Lola Indigo,2024-12-17,2024-12-24,8,18,4.0,Mature Phase,Growing
YOTULOKO,Omar Montes & Rels B,2025-07-14,2025-11-05,114,22,13.0,Mature Phase,Evergreen
Ya es Navidad Popurrí: Ya es Navidad- Zúmbale a la pandereta - Ya vienen los Reyes Magos - Arre Borriquito - Ya es Navidad,Raya Real,2024-12-25,2024-12-25,1,34,0.0,New Entry,Fresh Release
Yandel 150,Yandel,2024-05-18,2024-09-23,125,10,0.0,Peak Phase,Evergreen
Yankee 150,Yandel & Feid & Daddy Yankee,2024-06-18,2024-06-18,1,46,0.0,New Entry,Fresh Release
Yo sé,Yan Block & TORRRES,2025-11-01,2025-11-27,26,8,21.0,Growth Phase,Mature Hit
"Young Miko: Bzrp Music Sessions, Vol. 58",Bizarrap & Young Miko,2025-01-13,2025-04-26,101,1,0.0,Peak Phase,Evergreen
ZORRA,Nebulossa,2025-02-05,2025-05-18,21,8,0.0,Peak Phase,Mature Hit
a new star (2 0 2 4),Rels B,2025-05-09,2025-05-30,16,32,7.0,Growth Phase,Mature Hit
caída del cielo <3,Rels B,2025-04-28,2025-05-01,2,38,0.0,New Entry,Fresh Release
do it 4 th€ gram,Cruz Cafuné,2025-07-21,2025-07-21,1,34,0.0,New Entry,Fresh Release
don't liE,Duki,2024-06-25,2024-06-29,5,44,3.0,Growth Phase,Growing
haz lo que quieras conmigo,Walls,2025-09-22,2025-10-19,20,33,0.0,Other,Mature Hit
i like the way you kiss me,Artemas,2025-04-04,2025-05-02,21,19,14.0,Mature Phase,Mature Hit
la noia,Angelina Mango,2025-05-14,2025-05-14,1,47,0.0,New Entry,Fresh Release
la raíz d€l mal,Cruz Cafuné,2025-07-21,2025-07-26,4,42,0.0,New Entry,Fresh Release
lady madrizZz,céro,2024-11-03,2025-03-02,118,8,13.0,Growth Phase,Evergreen
miamor,Aitana,2024-09-24,2024-09-26,3,34,0.0,New Entry,Fresh Release
miamor,Aitana & Rels B,2024-08-26,2024-09-23,29,4,0.0,Peak Phase,Mature Hit
m€ntiras,Cruz Cafuné,2025-07-21,2025-07-21,1,43,0.0,New Entry,Fresh Release
offline,Young Miko,2025-04-07,2025-06-15,69,16,2.0,Mature Phase,Evergreen
rang€ rov€r,Cruz Cafuné,2025-07-21,2025-07-21,1,47,0.0,New Entry,Fresh Release
rompeolas,Martin Urrutia,2025-04-12,2025-04-18,2,39,6.0,Growth Phase,Fresh Release
un x100to,Grupo Frontera & Bad Bunny,2024-05-18,2024-06-14,27,31,3.0,Growth Phase,Mature Hit
vampire,Olivia Rodrigo,2024-07-02,2024-07-02,1,48,0.0,New Entry,Fresh Release
we can't be friends (wait for your love),Ariana Grande,2025-03-11,2025-03-20,8,31,2.0,Growth Phase,Growing
"yes, and?",Ariana Grande,2025-01-14,2025-01-20,7,30,4.0,Mature Phase,Growing
