date,entries,exits,churn_rate,playlist_status
2024-05-18,50.0,0.0,100.0,Volatile
2024-05-20,0.0,3.0,6.0,Moderate
2024-05-21,4.0,1.0,10.0,Moderate
2024-05-22,1.0,0.0,2.0,Stable
2024-05-24,0.0,1.0,2.0,Stable
2024-05-25,1.0,0.0,2.0,Stable
2024-05-26,1.0,0.0,2.0,Stable
2024-05-27,0.0,2.0,4.0,Stable
2024-05-28,5.0,2.0,14.000000000000002,Volatile
2024-05-29,0.0,1.0,2.0,Stable
2024-05-30,2.0,0.0,4.0,Stable
2024-06-01,1.0,0.0,2.0,Stable
2024-06-02,0.0,1.0,2.0,Stable
2024-06-03,1.0,2.0,6.0,Moderate
2024-06-04,4.0,2.0,12.0,Volatile
2024-06-06,0.0,1.0,2.0,Stable
2024-06-07,0.0,1.0,2.0,Stable
2024-06-08,1.0,0.0,2.0,Stable
2024-06-09,1.0,0.0,2.0,Stable
2024-06-10,0.0,1.0,2.0,Stable
2024-06-11,2.0,1.0,6.0,Moderate
2024-06-14,0.0,2.0,4.0,Stable
2024-06-15,2.0,0.0,4.0,Stable
2024-06-16,0.0,1.0,2.0,Stable
2024-06-18,1.0,1.0,4.0,Stable
2024-06-20,0.0,1.0,2.0,Stable
2024-06-22,0.0,1.0,2.0,Stable
2024-06-23,0.0,2.0,4.0,Stable
2024-06-24,3.0,1.0,8.0,Moderate
2024-06-25,3.0,0.0,6.0,Moderate
2024-06-27,0.0,1.0,2.0,Stable
2024-06-29,1.0,1.0,4.0,Stable
2024-06-30,0.0,1.0,2.0,Stable
2024-07-01,1.0,4.0,10.0,Moderate
2024-07-02,6.0,3.0,18.0,Volatile
2024-07-05,1.0,0.0,2.0,Stable
2024-07-08,1.0,1.0,4.0,Stable
2024-07-09,3.0,1.0,8.0,Moderate
2024-07-12,0.0,2.0,4.0,Stable
2024-07-16,1.0,0.0,2.0,Stable
2024-07-18,0.0,2.0,4.0,Stable
2024-07-19,1.0,0.0,2.0,Stable
2024-07-20,0.0,1.0,2.0,Stable
2024-07-21,1.0,0.0,2.0,Stable
2024-07-22,0.0,2.0,4.0,Stable
2024-07-23,4.0,0.0,8.0,Moderate
2024-07-25,0.0,2.0,4.0,Stable
2024-07-28,0.0,1.0,2.0,Stable
2024-07-29,1.0,1.0,4.0,Stable
2024-08-03,0.0,1.0,2.0,Stable
2024-08-04,1.0,0.0,2.0,Stable
2024-08-05,0.0,3.0,6.0,Moderate
2024-08-06,4.0,1.0,10.0,Moderate
2024-08-08,0.0,1.0,2.0,Stable
2024-08-09,1.0,1.0,4.0,Stable
2024-08-10,1.0,0.0,2.0,Stable
2024-08-11,0.0,1.0,2.0,Stable
2024-08-12,1.0,1.0,4.0,Stable
2024-08-13,1.0,0.0,2.0,Stable
2024-08-16,1.0,0.0,2.0,Stable
2024-08-18,0.0,1.0,2.0,Stable
2024-08-19,1.0,0.0,2.0,Stable
2024-08-26,2.0,0.0,4.0,Stable
2024-08-29,0.0,4.0,8.0,Moderate
2024-08-30,15.0,0.0,30.0,Volatile
2024-08-31,0.0,3.0,6.0,Moderate
2024-09-02,0.0,6.0,12.0,Volatile
2024-09-03,1.0,0.0,2.0,Stable
2024-09-04,0.0,2.0,4.0,Stable
2024-09-09,1.0,2.0,6.0,Moderate
2024-09-10,1.0,0.0,2.0,Stable
2024-09-11,0.0,1.0,2.0,Stable
2024-09-12,0.0,2.0,4.0,Stable
2024-09-13,2.0,1.0,6.0,Moderate
2024-09-14,1.0,0.0,2.0,Stable
2024-09-18,0.0,1.0,2.0,Stable
2024-09-19,1.0,1.0,4.0,Stable
2024-09-20,1.0,0.0,2.0,Stable
2024-09-21,0.0,1.0,2.0,Stable
2024-09-23,0.0,4.0,8.0,Moderate
2024-09-24,7.0,0.0,14.000000000000002,Volatile
2024-09-26,0.0,2.0,4.0,Stable
2024-09-27,2.0,0.0,4.0,Stable
2024-09-29,0.0,7.0,14.000000000000002,Volatile
2024-09-30,8.0,0.0,16.0,Volatile
2024-10-01,0.0,4.0,8.0,Moderate
2024-10-02,1.0,0.0,2.0,Stable
2024-10-03,0.0,1.0,2.0,Stable
2024-10-04,2.0,0.0,4.0,Stable
2024-10-06,0.0,3.0,6.0,Moderate
2024-10-07,7.0,0.0,14.000000000000002,Volatile
2024-10-09,1.0,0.0,2.0,Stable
2024-10-12,0.0,1.0,2.0,Stable
2024-10-13,0.0,9.0,18.0,Volatile
2024-10-14,20.0,0.0,40.0,Volatile
2024-10-16,1.0,0.0,2.0,Stable
2024-10-18,0.0,3.0,6.0,Moderate
2024-10-19,1.0,1.0,4.0,Stable
2024-10-20,1.0,3.0,8.0,Moderate
2024-10-21,4.0,3.0,14.000000000000002,Volatile
2024-10-22,0.0,1.0,2.0,Stable
2024-10-23,1.0,1.0,4.0,Stable
2024-10-28,0.0,4.0,8.0,Moderate
2024-10-29,1.0,0.0,2.0,Stable
2024-11-01,0.0,1.0,2.0,Stable
2024-11-02,0.0,1.0,2.0,Stable
2024-11-03,2.0,2.0,8.0,Moderate
2024-11-04,3.0,0.0,6.0,Moderate
2024-11-06,0.0,1.0,2.0,Stable
2024-11-08,1.0,0.0,2.0,Stable
2024-11-09,0.0,1.0,2.0,Stable
2024-11-10,0.0,1.0,2.0,Stable
2024-11-11,2.0,2.0,8.0,Moderate
2024-11-14,0.0,1.0,2.0,Stable
2024-11-16,1.0,0.0,2.0,Stable
2024-11-17,0.0,2.0,4.0,Stable
2024-11-18,1.0,1.0,4.0,Stable
2024-11-22,1.0,0.0,2.0,Stable
2024-11-24,0.0,2.0,4.0,Stable
2024-11-25,8.0,5.0,26.0,Volatile
2024-11-26,0.0,1.0,2.0,Stable
2024-11-29,1.0,1.0,4.0,Stable
2024-11-30,1.0,1.0,4.0,Stable
2024-12-01,1.0,4.0,10.0,Moderate
2024-12-02,7.0,5.0,24.0,Volatile
2024-12-03,1.0,0.0,2.0,Stable
2024-12-05,0.0,1.0,2.0,Stable
2024-12-07,0.0,1.0,2.0,Stable
2024-12-10,2.0,1.0,6.0,Moderate
2024-12-12,1.0,1.0,4.0,Stable
2024-12-13,0.0,1.0,2.0,Stable
2024-12-14,1.0,1.0,4.0,Stable
2024-12-16,0.0,1.0,2.0,Stable
2024-12-17,4.0,0.0,8.0,Moderate
2024-12-19,1.0,1.0,4.0,Stable
2024-12-20,2.0,1.0,6.0,Moderate
2024-12-23,1.0,2.0,6.0,Moderate
2024-12-24,3.0,1.0,8.0,Moderate
2024-12-25,12.0,2.0,28.000000000000004,Volatile
2024-12-27,0.0,12.0,24.0,Volatile
2024-12-28,1.0,0.0,2.0,Stable
2025-01-02,0.0,2.0,4.0,Stable
2025-01-03,0.0,1.0,2.0,Stable
2025-01-04,0.0,2.0,4.0,Stable
2025-01-05,0.0,2.0,4.0,Stable
2025-01-06,1.0,0.0,2.0,Stable
2025-01-09,0.0,1.0,2.0,Stable
2025-01-10,0.0,1.0,2.0,Stable
2025-01-11,1.0,0.0,2.0,Stable
2025-01-12,0.0,1.0,2.0,Stable
2025-01-13,2.0,1.0,6.0,Moderate
2025-01-14,1.0,0.0,2.0,Stable
2025-01-15,0.0,1.0,2.0,Stable
2025-01-17,1.0,2.0,6.0,Moderate
2025-01-18,2.0,0.0,4.0,Stable
2025-01-19,0.0,1.0,2.0,Stable
2025-01-20,0.0,3.0,6.0,Moderate
2025-01-21,15.0,10.0,50.0,Volatile
2025-01-24,0.0,2.0,4.0,Stable
2025-01-25,2.0,2.0,8.0,Moderate
2025-01-26,0.0,2.0,4.0,Stable
2025-01-28,2.0,0.0,4.0,Stable
2025-01-31,1.0,2.0,6.0,Moderate
2025-02-01,2.0,0.0,4.0,Stable
2025-02-02,1.0,1.0,4.0,Stable
2025-02-03,1.0,1.0,4.0,Stable
2025-02-04,1.0,1.0,4.0,Stable
2025-02-05,1.0,0.0,2.0,Stable
2025-02-09,0.0,1.0,2.0,Stable
2025-02-10,0.0,1.0,2.0,Stable
2025-02-11,2.0,0.0,4.0,Stable
2025-02-13,0.0,1.0,2.0,Stable
2025-02-16,0.0,1.0,2.0,Stable
2025-02-17,1.0,3.0,8.0,Moderate
2025-02-18,3.0,0.0,6.0,Moderate
2025-02-21,0.0,1.0,2.0,Stable
2025-02-22,2.0,0.0,4.0,Stable
2025-02-24,1.0,2.0,6.0,Moderate
2025-02-25,1.0,1.0,4.0,Stable
2025-02-27,0.0,1.0,2.0,Stable
2025-02-28,0.0,1.0,2.0,Stable
2025-03-01,1.0,4.0,10.0,Moderate
2025-03-02,5.0,3.0,16.0,Volatile
2025-03-03,2.0,0.0,4.0,Stable
2025-03-05,0.0,1.0,2.0,Stable
2025-03-07,1.0,1.0,4.0,Stable
2025-03-09,0.0,2.0,4.0,Stable
2025-03-10,3.0,2.0,10.0,Moderate
2025-03-11,1.0,0.0,2.0,Stable
2025-03-12,0.0,2.0,4.0,Stable
2025-03-13,2.0,0.0,4.0,Stable
2025-03-15,2.0,1.0,6.0,Moderate
2025-03-17,2.0,0.0,4.0,Stable
2025-03-20,1.0,1.0,4.0,Stable
2025-03-21,1.0,0.0,2.0,Stable
2025-03-22,0.0,1.0,2.0,Stable
2025-03-23,0.0,2.0,4.0,Stable
2025-03-24,3.0,1.0,8.0,Moderate
2025-03-28,0.0,1.0,2.0,Stable
2025-03-29,0.0,1.0,2.0,Stable
2025-03-30,1.0,2.0,6.0,Moderate
2025-03-31,5.0,3.0,16.0,Volatile
2025-04-01,1.0,1.0,4.0,Stable
2025-04-03,0.0,1.0,2.0,Stable
2025-04-04,2.0,0.0,4.0,Stable
2025-04-05,0.0,2.0,4.0,Stable
2025-04-06,1.0,1.0,4.0,Stable
2025-04-07,3.0,0.0,6.0,Moderate
2025-04-09,0.0,1.0,2.0,Stable
2025-04-10,0.0,1.0,2.0,Stable
2025-04-12,1.0,0.0,2.0,Stable
2025-04-13,0.0,3.0,6.0,Moderate
2025-04-14,3.0,0.0,6.0,Moderate
2025-04-15,0.0,1.0,2.0,Stable
2025-04-16,1.0,0.0,2.0,Stable
2025-04-17,1.0,2.0,6.0,Moderate
2025-04-18,2.0,3.0,10.0,Moderate
2025-04-19,2.0,1.0,6.0,Moderate
2025-04-20,0.0,3.0,6.0,Moderate
2025-04-21,4.0,0.0,8.0,Moderate
2025-04-23,1.0,1.0,4.0,Stable
2025-04-24,1.0,2.0,6.0,Moderate
2025-04-25,2.0,0.0,4.0,Stable
2025-04-26,2.0,1.0,6.0,Moderate
2025-04-27,0.0,7.0,14.000000000000002,Volatile
2025-04-28,23.0,3.0,52.0,Volatile
2025-04-29,0.0,2.0,4.0,Stable
2025-04-30,1.0,2.0,6.0,Moderate
2025-05-01,0.0,2.0,4.0,Stable
2025-05-02,1.0,3.0,8.0,Moderate
2025-05-03,1.0,1.0,4.0,Stable
2025-05-04,1.0,2.0,6.0,Moderate
2025-05-05,2.0,2.0,8.0,Moderate
2025-05-06,0.0,1.0,2.0,Stable
2025-05-09,2.0,3.0,10.0,Moderate
2025-05-10,1.0,1.0,4.0,Stable
2025-05-12,0.0,1.0,2.0,Stable
2025-05-13,1.0,0.0,2.0,Stable
2025-05-14,3.0,1.0,8.0,Moderate
2025-05-15,0.0,2.0,4.0,Stable
2025-05-16,3.0,0.0,6.0,Moderate
2025-05-17,0.0,1.0,2.0,Stable
2025-05-18,1.0,3.0,8.0,Moderate
2025-05-19,3.0,1.0,8.0,Moderate
2025-05-21,0.0,2.0,4.0,Stable
2025-05-22,1.0,0.0,2.0,Stable
2025-05-24,0.0,1.0,2.0,Stable
2025-05-25,0.0,2.0,4.0,Stable
2025-05-26,1.0,0.0,2.0,Stable
2025-05-29,1.0,1.0,4.0,Stable
2025-05-30,0.0,2.0,4.0,Stable
2025-05-31,0.0,1.0,2.0,Stable
2025-06-01,1.0,3.0,8.0,Moderate
2025-06-02,4.0,2.0,12.0,Volatile
2025-06-03,3.0,2.0,10.0,Moderate
2025-06-04,0.0,1.0,2.0,Stable
2025-06-05,0.0,1.0,2.0,Stable
2025-06-06,1.0,0.0,2.0,Stable
2025-06-08,0.0,2.0,4.0,Stable
2025-06-09,2.0,1.0,6.0,Moderate
2025-06-11,0.0,2.0,4.0,Stable
2025-06-12,2.0,0.0,4.0,Stable
2025-06-13,0.0,1.0,2.0,Stable
2025-06-15,0.0,2.0,4.0,Stable
2025-06-16,7.0,2.0,18.0,Volatile
2025-06-17,0.0,3.0,6.0,Moderate
2025-06-18,1.0,1.0,4.0,Stable
2025-06-19,1.0,0.0,2.0,Stable
2025-06-20,0.0,1.0,2.0,Stable
2025-06-21,2.0,4.0,12.0,Volatile
2025-06-22,2.0,0.0,4.0,Stable
2025-06-23,0.0,2.0,4.0,Stable
2025-06-28,1.0,0.0,2.0,Stable
2025-06-29,0.0,1.0,2.0,Stable
2025-06-30,2.0,0.0,4.0,Stable
2025-07-03,0.0,3.0,6.0,Moderate
2025-07-04,2.0,1.0,6.0,Moderate
2025-07-05,1.0,1.0,4.0,Stable
2025-07-06,0.0,1.0,2.0,Stable
2025-07-07,2.0,1.0,6.0,Moderate
2025-07-09,0.0,1.0,2.0,Stable
2025-07-10,1.0,1.0,4.0,Stable
2025-07-12,2.0,0.0,4.0,Stable
2025-07-14,2.0,1.0,6.0,Moderate
2025-07-15,2.0,0.0,4.0,Stable
2025-07-16,0.0,3.0,6.0,Moderate
2025-07-17,1.0,1.0,4.0,Stable
2025-07-18,1.0,0.0,2.0,Stable
2025-07-20,0.0,2.0,4.0,Stable
2025-07-21,5.0,3.0,16.0,Volatile
2025-07-23,0.0,2.0,4.0,Stable
2025-07-24,1.0,0.0,2.0,Stable
2025-07-25,2.0,0.0,4.0,Stable
2025-07-26,0.0,1.0,2.0,Stable
2025-07-30,0.0,3.0,6.0,Moderate
2025-07-31,3.0,2.0,10.0,Moderate
2025-08-01,1.0,0.0,2.0,Stable
2025-08-02,0.0,1.0,2.0,Stable
2025-08-07,1.0,0.0,2.0,Stable
2025-08-08,0.0,1.0,2.0,Stable
2025-08-09,0.0,4.0,8.0,Moderate
2025-08-10,4.0,1.0,10.0,Moderate
2025-08-14,0.0,2.0,4.0,Stable
2025-08-15,2.0,0.0,4.0,Stable
2025-08-16,0.0,3.0,6.0,Moderate
2025-08-17,2.0,0.0,4.0,Stable
2025-08-19,0.0,1.0,2.0,Stable
2025-08-20,2.0,0.0,4.0,Stable
2025-08-23,0.0,6.0,12.0,Volatile
2025-08-24,14.0,7.0,42.0,Volatile
2025-08-25,1.0,2.0,6.0,Moderate
2025-08-27,0.0,1.0,2.0,Stable
2025-08-28,0.0,1.0,2.0,Stable
2025-08-29,1.0,0.0,2.0,Stable
2025-08-30,0.0,1.0,2.0,Stable
2025-08-31,1.0,0.0,2.0,Stable
2025-09-01,1.0,0.0,2.0,Stable
2025-09-03,0.0,1.0,2.0,Stable
2025-09-04,1.0,2.0,6.0,Moderate
2025-09-07,1.0,2.0,6.0,Moderate
2025-09-08,2.0,0.0,4.0,Stable
2025-09-11,1.0,0.0,2.0,Stable
2025-09-12,0.0,1.0,2.0,Stable
2025-09-15,1.0,1.0,4.0,Stable
2025-09-16,1.0,0.0,2.0,Stable
2025-09-17,0.0,1.0,2.0,Stable
2025-09-18,0.0,1.0,2.0,Stable
2025-09-19,1.0,0.0,2.0,Stable
2025-09-20,1.0,2.0,6.0,Moderate
2025-09-21,1.0,0.0,2.0,Stable
2025-09-22,3.0,1.0,8.0,Moderate
2025-09-23,0.0,1.0,2.0,Stable
2025-09-24,0.0,2.0,4.0,Stable
2025-09-25,1.0,1.0,4.0,Stable
2025-09-27,2.0,3.0,10.0,Moderate
2025-09-28,2.0,0.0,4.0,Stable
2025-09-29,3.0,2.0,10.0,Moderate
2025-10-01,0.0,1.0,2.0,Stable
2025-10-02,1.0,1.0,4.0,Stable
2025-10-03,1.0,0.0,2.0,Stable
2025-10-04,0.0,1.0,2.0,Stable
2025-10-05,0.0,1.0,2.0,Stable
2025-10-06,2.0,1.0,6.0,Moderate
2025-10-10,1.0,1.0,4.0,Stable
2025-10-12,0.0,2.0,4.0,Stable
2025-10-13,4.0,1.0,10.0,Moderate
2025-10-14,0.0,2.0,4.0,Stable
2025-10-15,0.0,1.0,2.0,Stable
2025-10-16,1.0,1.0,4.0,Stable
2025-10-17,1.0,1.0,4.0,Stable
2025-10-18,0.0,1.0,2.0,Stable
2025-10-19,0.0,2.0,4.0,Stable
2025-10-20,5.0,1.0,12.0,Volatile
2025-10-23,1.0,1.0,4.0,Stable
2025-10-25,1.0,0.0,2.0,Stable
2025-10-26,0.0,2.0,4.0,Stable
2025-10-27,3.0,1.0,8.0,Moderate
2025-10-28,0.0,2.0,4.0,Stable
2025-10-29,0.0,1.0,2.0,Stable
2025-10-31,0.0,3.0,6.0,Moderate
2025-11-01,3.0,1.0,8.0,Moderate
2025-11-02,1.0,2.0,6.0,Moderate
2025-11-03,9.0,2.0,22.0,Volatile
2025-11-05,0.0,1.0,2.0,Stable
2025-11-06,1.0,1.0,4.0,Stable
2025-11-07,0.0,1.0,2.0,Stable
2025-11-09,0.0,2.0,4.0,Stable
2025-11-10,1.0,2.0,6.0,Moderate
2025-11-12,0.0,1.0,2.0,Stable
2025-11-13,1.0,1.0,4.0,Stable
2025-11-14,0.0,1.0,2.0,Stable
2025-11-15,1.0,0.0,2.0,Stable
2025-11-16,1.0,5.0,12.0,Volatile
2025-11-17,14.0,5.0,38.0,Volatile
2025-11-18,0.0,2.0,4.0,Stable
2025-11-19,1.0,1.0,4.0,Stable
2025-11-20,0.0,2.0,4.0,Stable
2025-11-21,1.0,1.0,4.0,Stable
2025-11-22,0.0,1.0,2.0,Stable
2025-11-23,0.0,18.0,36.0,Volatile
2025-11-24,20.0,0.0,40.0,Volatile
2025-11-25,0.0,1.0,2.0,Stable
2025-11-26,0.0,3.0,6.0,Moderate
2025-11-27,1.0,50.0,102.0,Volatile
